{
    "valid_seen": {
        "matching_acc": 0.8368717432022095,
        "pddl_acc": {
            "mrecep_target": 0.9304878048780488,
            "object_sliced": 0.9780487804878049,
            "object_target": 0.8548780487804878,
            "parent_target": 0.8353658536585366,
            "toggle_target": 0.9829268292682927
        }
    },
    "valid_unseen": {
        "matching_acc": 0.950302004814148,
        "pddl_acc": {
            "mrecep_target": 0.9171741778319124,
            "object_sliced": 0.9634591961023142,
            "object_target": 0.8404384896467723,
            "parent_target": 0.8477466504263094,
            "toggle_target": 0.9549330085261876
        }
    }
}